{
  "mean": [
    37.12345641176471,
    127.1234564117647,
    31.241176470588233,
    0.01411764705882353,
    -0.02588235294117647,
    9.785882352941172,
    -0.45882352941176474,
    1.1588235294117648,
    0.0411764705882353,
    0.14117647058823532,
    -0.15882352941176472,
    0.0411764705882353
  ],
  "std": [
    5.072996583997877e-07,
    5.072996540731838e-07,
    0.0507299656195899,
    0.005072996561958923,
    0.005072996561958923,
    0.005072996561958512,
    0.05072996561958923,
    0.050729965619589173,
    0.05072996561958924,
    0.05072996561958923,
    0.05072996561958924,
    0.05072996561958924
  ]
}