{
  "mean": [
    37.1234565,
    127.1234565,
    31.25,
    0.015,
    -0.025,
    9.785,
    -0.45,
    1.15,
    0.05,
    0.15000000000000002,
    -0.15000000000000002,
    0.05
  ],
  "std": [
    5.129891780036246e-07,
    5.129891747474039e-07,
    0.05129891760425844,
    0.005129891760425771,
    0.00512989176042577,
    0.005129891760425758,
    0.05129891760425769,
    0.05129891760425762,
    0.051298917604257706,
    0.051298917604257706,
    0.05129891760425771,
    0.051298917604257706
  ]
}